﻿[
  {
    "Key": "Blade.Description",
    "ProcessTemplates": true,
    "enGB": "Element: universal\nType: form infusion\nLevel: 1\nBurn: 1\nAssociated Blasts: any\n{g|Encyclopedia:Saving_Throw}Saving Throw{/g}: none\nYou form a weapon using your kinetic abilities. You create a nonreach, light or {g|Encyclopedia:Light_Weapon}one-handed{/g} weapon in your hand formed of pure energy or elemental matter. The kinetic blade's shape is purely cosmetic and doesn't affect the {g|Encyclopedia:Damage}damage{/g} dice, {g|Encyclopedia:Critical}critical{/g} threat range, or critical multiplier of the kinetic blade, nor does it grant the kinetic blade any weapon special features.\nYou can use this form infusion once as part of an {g|Encyclopedia:Attack}attack{/g} {g|Encyclopedia:CA_Types}action{/g}, a charge action, or a full-attack action in order to make {g|Encyclopedia:MeleeAttack}melee attacks{/g} with your kinetic blade. Since it's part of another action (and isn't an action itself), using this wild talent doesn't provoke any additional {g|Encyclopedia:Attack_Of_Opportunity}attacks of opportunity{/g}. The kinetic blade deals your kinetic blast damage on each hit (applying any modifiers to your kinetic blast's damage as normal, but not your {g|Encyclopedia:Strength}Strength{/g} modifier). The blade disappears at the end of your turn. The weapon deals the same {g|Encyclopedia:Damage_Type}damage type{/g} that your kinetic blast deals, and it interacts with {g|Encyclopedia:Armor_Class}Armor Class{/g} and {g|Encyclopedia:Spell_Resistance}spell resistance{/g} as normal for a blast of its type. The kinetic blade doesn't add the damage {g|Encyclopedia:Bonus}bonus{/g} from elemental overflow."
  },
  {
    "Key": "SkilledKineticist",
    "ProcessTemplates": false,
    "enGB": "Skilled Kineticist"
  }
]