﻿[
  {
    "Key": "Aether",
    "ProcessTemplates": false,
    "enGB": "Aether"
  },
  {
    "Key": "Aether.Focus.Description",
    "ProcessTemplates": false,
    "enGB": "Kineticists who focus on the element of aether—a rare substance formed when elemental energy affects the Ethereal Plane—are called telekineticists. Telekineticists use strands of aether to move objects with their minds."
  },
  {
    "Key": "Aether.Skills.Name",
    "ProcessTemplates": false,
    "enGB": "Aether Class Skills"
  },
  {
    "Key": "Aether.Skills.Description",
    "ProcessTemplates": true,
    "enGB": "An Telekineticist adds {g|Encyclopedia:Trickery}Trickery{/g} and {g|Encyclopedia:Knowledge_World}Knowledge (World){/g} to her list of class {g|Encyclopedia:Skills}skills{/g}."
  },
  {
    "Key": "Aether.Defense",
    "ProcessTemplates": false,
    "enGB": "Force Ward"
  },
  {
    "Key": "Aether.Defense.Description",
    "ProcessTemplates": true,
    "enGB": "You constantly surround yourself with a ward of force. You gain a number of temporary hit points equal to your kineticist level.\n\nThese temporary hit points regenerate at a rate of 1 per minute. By accepting 1 point of burn as a standard action, you can increase the maximum number of temporary hit points provided by your force ward by half your kineticist level until the next time your burn is removed.\nIf you use this ability multiple times, the increases stack. For every two times you use this ability, the regeneration effect increases by 1."
  },
  {
    "Key": "Aether.Telekinetic.Name",
    "ProcessTemplates": false,
    "enGB": "Telekinetic Blast"
  },
  {
    "Key": "Aether.Telekinetic.Description",
    "ProcessTemplates": true,
    "enGB": "Element: aether\nType: simple blast\nLevel: --\nBurn: 0\nBlast Type: physical\n{g|Encyclopedia:Damage}Damage{/g}: {g|Encyclopedia:Damage_Type}bludgeoning{/g}, piercing, and slashing\nYou throw a nearby unattended object enfolded in strands of aether at a single foe as a ranged attack"

  },
  {
    "Key": "Aether.Blade.Prefix",
    "ProcessTemplates": false,
    "enGB": "Telekinetic Blast"
  },
  {
    "Key": "Aether.Blade.Enchant",
    "ProcessTemplates": false,
    "enGB": "Telekinetic Blast — Kinetic Blade"
  },
  {
    "Key": "Aether.Force.Name",
    "ProcessTemplates": false,
    "enGB": "Force Blast"
  },
  {
    "Key": "Aether.Force.Description",
    "ProcessTemplates": true,
    "enGB": "Element: aether\nType: composite blast\nlevel: —\nBurn: 2\nPrerequisites: primary element (aether), expanded element (aether)\nBlast Type: energy\n{g|Encyclopedia:Damage}Damage{/g}: force\nYou throw a burst of force at a foe"
  },
  {
    "Key": "Force.Blade.Prefix",
    "ProcessTemplates": false,
    "enGB": "Force Blast"
  },
  {
    "Key": "Force.Blade.Enchant",
    "ProcessTemplates": false,
    "enGB": "Force Blast — Kinetic Blade"
  },
  {
    "Key": "Aether.Admixture.Aether.Name",
    "ProcessTemplates": false,
    "enGB": "Aetheric Boost"
  },
  {
    "Key": "Aether.Admixture.Aether.Description",
    "ProcessTemplates": false,
    "enGB": "\"Element: aether\\nType: composite blast\\nLevel: —\\nBurn: 2\\nPrerequisite(s): telekinetic blast, any other simple blast\\nBlast Type: special\\n{g|Encyclopedia:Damage}Damage{/g}: see text\\nYou infuse a simple blast you know with aether, causing it to deal 1 additional point of damage of the same type for each of its damage dice; it otherwise acts as the simple blast."
  },
  {
    "Key": "Aether.Admixture.Aether.Greater.Name",
    "ProcessTemplates": false,
    "enGB": "Aetheric Boost, Greater"
  },
  {
    "Key": "Aether.Admixture.Aether.Greater.Description",
    "ProcessTemplates": false,
    "enGB": "\"Element: aether\\nType: composite blast\\nLevel: —\\nBurn: 3\\nPrerequisite(s): telekinetic blast, any other simple blast\\nBlast Type: special\\n{g|Encyclopedia:Damage}Damage{/g}: see text\\nYou infuse a composite blast you know with aether, causing it to deal 1 additional point of damage of the same type for each of its damage dice."
  },
  {
    "Key": "Aether.ManyThrow.Name",
    "ProcessTemplates": false,
    "enGB": "Many Throw"
  },
  {
    "Key": "Aether.ManyThrow.Description",
    "ProcessTemplates": true,
    "enGB": "Element: aether\nType: form infusion\nLevel: 6\nBurn: 4\nPrerequisite(s): extended range\nAssociated Blasts: telekinesis\n{g|Encyclopedia:Saving_Throw}Saving Throw{/g}: None\nYou grab a large number of objects and throw them all at once.\n\nYou can use your telekinetic blast to make attack rolls against a number of targets equal to your kineticist level within 120 feet, but no two targets can be more than 30 feet apart."
  },
  {
    "Key": "Aether.FoeThrow.Name",
    "ProcessTemplates": false,
    "enGB": "Foe Throw"
  },
  {
    "Key": "Aether.FoeThrow.Description",
    "ProcessTemplates": true,
    "enGB": "Element: aether\nType: form infusion\nLevel: 3\nBurn: 2\nAssociated Blasts: telekinetic\n{g|Encyclopedia:Saving_Throw}Saving Throw{/g}: Fortitude negates; see text\nYour telekinetic blast can throw a Large or smaller creature instead of an unattended object; you can increase the burn cost by 1 to affect a creature of a larger size. If the creature you attempt to throw succeeds at a Fortitude save, it negates the blast entirely.\n\nOtherwise, if your blast hits, both the thrown creature and the target take the full amount of damage from your telekinetic blast, and the thrown creature falls prone in the last unoccupied space along its path. If your blast misses, the thrown creature can choose to occupy any space within 30 feet of the target, it doesn’t fall prone, and it takes half the normal amount of damage from your blast. The movement doesn’t provoke attacks of opportunity."
  },
  {
    "Key": "Aether.FoeThrow.Buff.Name",
    "ProcessTemplates": false,
    "enGB": "Lifted"
  },
  {
    "Key": "Aether.FoeThrow.Buff.Description",
    "ProcessTemplates": false,
    "enGB": "This creature is lifted, and is about to be thrown."
  },
  {
    "Key": "Aether.FoeThrow.Target.Name",
    "ProcessTemplates": false,
    "enGB": "Lift Target"
  },
  {
    "Key": "Aether.FoeThrow.Target.Description",
    "ProcessTemplates": false,
    "enGB": "Choose a target to LIFT them. Preparing them to be thrown.\n\nNote: Lifting has no effect on the target, and lifting one creature put's down any other lifted creature."
  },
  {
    "Key": "Aether.FoeThrow.Action.Name",
    "ProcessTemplates": false,
    "enGB": "Throw Target"
  },
  {
    "Key": "Aether.FoeThrow.Action.Description",
    "ProcessTemplates": false,
    "enGB": "Throw the lifted creature at the target enemy."
  },
  {
    "Key": "Aether.ForceHook.Name",
    "ProcessTemplates": false,
    "enGB": "Force Hook"
  },
  {
    "Key": "Aether.ForceHook.Description",
    "ProcessTemplates": true,
    "enGB": "Element: aether\nType: form infusion\nLevel: 3\nBurn: 2\nAssociated Blasts: force\n{g|Encyclopedia:Saving_Throw}Saving Throw{/g}: None\nYour force blast hooks onto its target and drags you adjacent to it."
  },
  {
    "Key": "Aether.Disintegrating.Name",
    "ProcessTemplates": false,
    "enGB": "Disintegrating Infusion"
  },
  {
    "Key": "Aether.Disintegrating.Description",
    "ProcessTemplates": true,
    "enGB": "Element: aether\nType: substance infusion\nLevel: 6\nBurn: 4\nAssociated Blasts: force\n{g|Encyclopedia:Saving_Throw}Saving Throw{/g}: Fortitude\nYou can use force to rip your targets apart. Against creatures, your kinetic blast deals double its normal amount of damage, but targets receive a saving throw to reduce the damage to half the blast’s normal amount of damage (for a total of 1/4 of the blast’s increased damage). Any creature reduced to 0 or fewer hit points by the blast is disintegrated, as the spell disintegrate."
  },
  {
    "Key": "Aether.TelekineticInvisibility.Name",
    "ProcessTemplates": false,
    "enGB": "Telekinetic Invisibility"
  },
  {
    "Key": "Aether.TelekineticInvisibility.Description",
    "ProcessTemplates": false,
    "enGB": "You weave strands of aether, bending light and dampening sound; This works as invisibility except that the aetheric bending is easier to notice than normal invisibility, so your bonus on Stealth checks is halved (+10 while moving and +20 while perfectly still)."
  },
  {
    "Key": "Aether.TelekineticFinesse.Name",
    "ProcessTemplates": false,
    "enGB": "Telekinetic Finesse"
  },
  {
    "Key": "Aether.TelekineticFinesse.Description",
    "ProcessTemplates": true,
    "enGB": "A Telekineticist can use {g|Encyclopedia:Trickery}Trickery{/g} at a range of 30 feet."
  },
  {
    "Key": "Aether.Touchsite.Name",
    "ProcessTemplates": false,
    "enGB": "Touchsite, Reactive"
  },
  {
    "Key": "Aether.Touchsite.Description",
    "ProcessTemplates": true,
    "enGB": "Your strands of aether surround you, making it virtually impossible for a violent motion to catch you off guard, so long as the motion originates within their range. The character can react to danger before her senses would normally allow her to do so. She cannot be caught {g|Encyclopedia:Flat_Footed}flat-footed{/g}, nor does she lose her {g|Encyclopedia:Dexterity}Dexterity{/g} {g|Encyclopedia:Bonus}bonus{/g} to {g|Encyclopedia:Armor_Class}AC{/g} if the {g|Encyclopedia:Attack}attacker{/g} is invisible. She still loses her Dexterity bonus to AC if immobilized. A character with this ability can still lose her Dexterity bonus to AC if an opponent successfully uses the feint {g|Encyclopedia:CA_Types}action{/g} against her."
  },
  {
    "Key": "Aether.SpellDeflection.Name",
    "ProcessTemplates": false,
    "enGB": "Spell Deflection"
  },
  {
    "Key": "Aether.SpellDeflection.Name.Extended",
    "ProcessTemplates": false,
    "enGB": "Spell Deflection, Extended"
  },
  {
    "Key": "Aether.SpellDeflection.Description",
    "ProcessTemplates": false,
    "enGB": "You weave strands of aether around yourself in order to deflect magic. Until the beginning of your next turn, gain Spell Resistance equal to 10 + your kineticist level. You can accept 1 point of burn to increase the duration to 10 minutes per kineticist level you possess."
  },
  {
    "Key": "Aether.BonusWild.Name",
    "ProcessTemplates": false,
    "enGB": "Kineticist Bonus Feat — Aether"
  },
  {
    "Key": "Aether.BonusWild.Description",
    "ProcessTemplates": true,
    "enGB": "A character that selects this talent gains a bonus {g|Encyclopedia:Feat}feat{/g}. These feats must be taken from the following list: Spell Penetration, Greater Spell Penetration, Precise Shot, Trip, Greater Trip"
  },
  {
    "Key": "Aether.Maneuvers.Name",
    "ProcessTemplates": false,
    "enGB": "Telekinetic Maneuvers"
  },
  {
    "Key": "Aether.Maneuvers.Description",
    "ProcessTemplates": false,
    "enGB": "A Telekineticist can perform combat maneuvers (trip, disarm, bullrush, pull) at range using your main Kineticist stat. \nIf you possess the Telekinetic Finesse wild talent, add Dirty Trick to the list of combat maneuvers you can perform; using Dexterity instead of your main Kineticist stat."
  },
  {
    "Key": "Aether.Maneuvers.Pull.Name",
    "ProcessTemplates": false,
    "enGB": "Pull"
  },
  {
    "Key": "Aether.Maneuvers.Pull.Description",
    "ProcessTemplates": true,
    "enGB": "A pull attempts to pull an opponent straight towards you without doing any harm. If your {g|Encyclopedia:Combat_Maneuvers}combat maneuver{/g} is successful, your target is pulled 5 feet. For every 5 by which your {g|Encyclopedia:Attack}attack{/g} exceeds your opponent's {g|Encyclopedia:CMD}CMD{/g}, you can pull the target an additional 5 feet.\nAn enemy being moved by a pull does not provoke an {g|Encyclopedia:Attack_Of_Opportunity}attack of opportunity{/g} because of the movement. You cannot pull a creature into a square that is occupied by a solid object or obstacle."
  },
  {
    "Key": "Aether.SelfTelekinesis.Name",
    "ProcessTemplates": false,
    "enGB": "Self Telekinesis"
  },
  {
    "Key": "Aether.SelfTelekinesis.Description",
    "ProcessTemplates": true,
    "enGB": "You can use your telekinetic abilities to move yourself. As a move action you can cause yourself to hover over the ground, granting yourself a +3 dodge {g|Encyclopedia: Bonus}bonus{/g} to {g|Encyclopedia:Armor_Class}AC{/g} against {g|Encyclopedia:MeleeAttack}melee attacks{/g} and immunity to ground based effects, such as difficult terrain."
  },
  {
    "Key": "Aether.SelfTelekinesis.Greater.Name",
    "ProcessTemplates": false,
    "enGB": "Self Telekinesis, Greater"
  },
  {
    "Key": "Aether.SelfTelekinesis.Greater.Description",
    "ProcessTemplates": true,
    "enGB": "You have greater control over you self telekinesis. You can hover over the ground without expending an action, granting yourself a +3 dodge {g|Encyclopedia: Bonus}bonus{/g} to {g|Encyclopedia:Armor_Class}AC{/g} against {g|Encyclopedia:MeleeAttack}melee attacks{/g} and immunity to ground based effects, such as difficult terrain."
  }
]